sku;wh_code;stock_qty;last_counted
;WH-DEL;46;2026-09-28
SKU-10256;WH-MUM;309;2026-09-28
SKU-10113;WH-DEL;265;2026-09-28
SKU-10041;WH-HYD;458;2026-09-28
SKU-10197;WH-BLR;97;2026-09-28
SKU-10175;WH-BLR;303;2026-09-28
SKU-10040;WH-MUM;209;2026-09-28
SKU-10069;WH-AMD;465;2026-09-28
SKU-10203;WH-HYD;389;2026-09-28
;WH-KOC;11;2026-09-28
;WH-KOC;30;2026-09-28
SKU-10206;WH-MUM;481;2026-09-28
SKU-10251;WH-BLR;245;2026-09-28
SKU-10118;WH-KOL;400;2026-09-28
SKU-10133;WH-DEL;322;2026-09-28
SKU-10307;WH-MUM;422;2026-09-28
;WH-AMD;24;2026-09-28
SKU-10054;WH-KOC;359;2026-09-28
SKU-10154;WH-AMD;260;2026-09-28
;WH-KOC;45;2026-09-28
SKU-10020;WH-PUN;67;2026-09-28
SKU-10306;WH-HYD;355;2026-09-28
SKU-10141;WH-AMD;375;2026-09-28
SKU-10143;WH-PUN;7;2026-09-28
SKU-10178;WH-AMD;113;2026-09-28
SKU-10194;WH-BLR;356;2026-09-28
;WH-KOC;4;2026-09-28
;WH-KOL;42;2026-09-28
SKU-10001;WH-CHN;198;2026-09-28
SKU-10076;WH-PUN;133;2026-09-28
SKU-10079;WH-AMD;78;2026-09-28
;WH-AMD;29;2026-09-28
SKU-10233;WH-MUM;281;2026-09-28
SKU-10240;WH-KOC;257;2026-09-28
SKU-10077;WH-DEL;279;2026-09-28
SKU-10048;WH-PUN;113;2026-09-28
SKU-10149;WH-MUM;278;2026-09-28
SKU-10013;WH-KOC;135;2026-09-28
SKU-10228;WH-DEL;483;2026-09-28
SKU-10056;WH-AMD;276;2026-09-28
;WH-BLR;49;2026-09-28
SKU-10148;WH-PUN;64;2026-09-28
SKU-10157;WH-PUN;53;2026-09-28
SKU-10163;WH-HYD;277;2026-09-28
SKU-10127;WH-KOC;287;2026-09-28
;WH-HYD;34;2026-09-28
SKU-10146;WH-AMD;127;2026-09-28
SKU-10153;WH-KOL;391;2026-09-28
;WH-CHN;31;2026-09-28
SKU-10080;WH-KOL;77;2026-09-28
;WH-KOC;46;2026-09-28
SKU-10209;WH-BLR;135;2026-09-28
SKU-10297;WH-HYD;341;2026-09-28
SKU-10050;WH-CHN;145;2026-09-28
SKU-10088;WH-DEL;215;2026-09-28
SKU-10133;WH-KOL;162;2026-09-28
